<code_scheme name="checkStyle" version="173">
  <JavaCodeStyleSettings>
    <option name="CLASS_NAMES_IN_JAVADOC" value="2" />
    <option name="CLASS_COUNT_TO_USE_IMPORT_ON_DEMAND" value="1000" />
    <option name="NAMES_COUNT_TO_USE_IMPORT_ON_DEMAND" value="1000" />
    <option name="PACKAGES_TO_USE_IMPORT_ON_DEMAND">
      <value>
        <package name="java.awt" withSubpackages="true" static="false" />
        <package name="javax.swing" withSubpackages="true" static="false" />
      </value>
    </option>
    <option name="IMPORT_LAYOUT_TABLE">
      <value>
        <package name="java" withSubpackages="true" static="false" />
        <package name="javax" withSubpackages="true" static="false" />
        <emptyLine />
        <package name="org" withSubpackages="true" static="false" />
        <emptyLine />
        <package name="com.google" withSubpackages="true" static="false" />
        <package name="" withSubpackages="true" static="false" />
        <package name="com.zres" withSubpackages="true" static="false" />
        <package name="net.sf.json" withSubpackages="true" static="false" />
        <emptyLine />
        <package name="com.ztesoft" withSubpackages="true" static="false" />
        <emptyLine />
        <package name="" withSubpackages="true" static="true" />
        <emptyLine />
      </value>
    </option>
  </JavaCodeStyleSettings>
  <codeStyleSettings language="JAVA">
    <option name="RIGHT_MARGIN" value="120" />
    <option name="LINE_COMMENT_AT_FIRST_COLUMN" value="false" />
    <option name="BLOCK_COMMENT_AT_FIRST_COLUMN" value="false" />
    <option name="KEEP_LINE_BREAKS" value="false" />
    <option name="KEEP_FIRST_COLUMN_COMMENT" value="false" />
    <option name="ELSE_ON_NEW_LINE" value="true" />
    <option name="CATCH_ON_NEW_LINE" value="true" />
    <option name="FINALLY_ON_NEW_LINE" value="true" />
    <option name="SPACE_BEFORE_ARRAY_INITIALIZER_LBRACE" value="true" />
    <option name="SPACE_BEFORE_ANNOTATION_ARRAY_INITIALIZER_LBRACE" value="true" />
    <option name="IF_BRACE_FORCE" value="3" />
    <option name="DOWHILE_BRACE_FORCE" value="3" />
    <option name="WHILE_BRACE_FORCE" value="3" />
    <option name="FOR_BRACE_FORCE" value="3" />
    <option name="WRAP_ON_TYPING" value="0" />
    <arrangement>
      <groups />
    </arrangement>
  </codeStyleSettings>
</code_scheme>