<application>
  <component name="FindSettings">
    <option name="customScope" value="All Places" />
    <option name="defaultScopeName" value="All Places" />
    <option name="SEARCH_SCOPE" value="All Places" />
    <mask>*.properties</mask>
    <mask>*.jsp</mask>
    <mask>*.as</mask>
    <mask>*.css</mask>
    <mask>*.mxml</mask>
    <mask>*Controller.java</mask>
    <mask>*Logic.java</mask>
    <mask>*Dao.java</mask>
    <mask>pom.xml</mask>
    <mask>*.java</mask>
    <mask>*.xml</mask>
    <mask>*.*</mask>
    <mask>*.html</mask>
    <mask>*.xm</mask>
    <mask>*.js</mask>
  </component>
</application>